<?xml version="1.0" encoding="UTF-8"?>
<manifest identifier="promptEngineeringSCORM12" version="1.0"
  xmlns="http://www.imsproject.org/xsd/imscp_rootv1p1p2"
  xmlns:adlcp="http://www.adlnet.org/xsd/adlcp_rootv1p2"
  xmlns:xsi="http://www.w3.org/2001/XMLSchema-instance"
  xsi:schemaLocation="
    http://www.imsproject.org/xsd/imscp_rootv1p1p2 imscp_rootv1p1p2.xsd
    http://www.adlnet.org/xsd/adlcp_rootv1p2 adlcp_rootv1p2.xsd">

  <!-- מידע כללי על הקורס -->
  <metadata>
    <schema>ADL SCORM</schema>
    <schemaversion>1.2</schemaversion>
  </metadata>

  <!-- מבנה הקורס -->
  <organizations default="org1">
    <organization identifier="org1">
      <title>שלבים בפרויקט גמר</title>
      <item identifier="item1" identifierref="resource1" isvisible="true">
        <title>מענה לטופס</title>
      </item>
    </organization>
  </organizations>

  <!-- משאבים -->
  <resources>
    <resource identifier="resource1"
              type="webcontent"
              adlcp:scormType="sco"
              href="index.html">
      <file href="index.html"/>
      <file href="main.js"/>
      <file href="styles.css"/>
      <file href="SCORM_API_wrapper.js"/>
      <file href="assets/intro.png"/>
    </resource>
  </resources>

</manifest>
